date,new_cases_per_million,new_cases_smoothed_per_million,new_deaths_per_million
2020-02-29,0.388,0.055,
2020-03-01,0.078,0.066,0.039
2020-03-02,0.116,0.083,0
2020-03-03,0.349,0.133,0
2020-03-04,0.504,0.205,0.039
2020-03-05,0.116,0.222,0
2020-03-06,0.194,0.249,0
2020-03-07,0.116,0.211,0
2020-03-08,0.504,0.271,0.039
2020-03-09,0.582,0.338,0
2020-03-10,0.62,0.377,0
2020-03-11,0.814,0.421,0
2020-03-13,2.792,0.776,0
2020-03-14,1.939,1.036,0
2020-03-15,1.823,1.224,0
2020-03-16,3.102,1.584,0
2020-03-17,2.908,1.911,0.078
2020-03-18,4.498,2.437,0.039
2020-03-19,4.382,3.063,0
2020-03-20,4.266,3.274,0.039
2020-03-21,10.858,4.548,0
2020-03-22,18.536,6.936,0
2020-03-23,5.157,7.229,0
2020-03-24,14.037,8.819,0.039
2020-03-25,12.409,9.949,0
2020-03-26,17.295,11.794,0.194
2020-03-27,12.913,13.029,0
2020-03-28,19.272,14.231,0.039
2020-03-29,13.339,13.489,0.078
2020-03-30,14.619,14.841,0.039
2020-03-31,7.678,13.932,0.039
2020-04-01,11.75,13.838,0.078
2020-04-02,9.849,12.774,0.155
2020-04-03,8.298,12.115,0.155
2020-04-04,8.531,10.581,0.078
2020-04-05,5.313,9.434,0.194
2020-04-06,4.266,7.955,0.194
2020-04-07,3.8,7.401,0.194
2020-04-08,4.459,6.359,0.194
2020-04-09,3.8,5.495,0.039
2020-04-10,4.149,4.903,0.116
2020-04-11,3.412,4.171,0.116
2020-04-12,0.465,3.479,0.116
2020-04-13,1.396,3.069,0.039
2020-04-14,2.482,2.881,0.039
2020-04-15,0.969,2.382,0.039
2020-04-16,0.853,1.961,0
2020-04-17,2.327,1.701,0.116
2020-04-18,1.784,1.468,0.039
2020-04-19,1.629,1.634,0
2020-04-20,0.504,1.507,0
2020-04-21,0.853,1.274,0
2020-04-22,0.271,1.174,0
2020-04-23,0.388,1.108,0.31
2020-04-24,0.582,0.859,0.155
2020-04-25,0.659,0.698,0.039
2020-04-26,0.776,0.576,0.116
2020-04-27,0.271,0.543,0
2020-04-28,0.892,0.548,0.233
2020-04-29,0.31,0.554,0.078
2020-04-30,0.543,0.576,0.078
2020-05-01,0.465,0.56,0
2020-05-02,0.814,0.582,0.039
2020-05-03,0.892,0.598,0.039
2020-05-04,0.969,0.698,0.039
2020-05-05,1.086,0.726,0.039
2020-05-06,0.737,0.787,0
2020-05-07,0.737,0.814,0
2020-05-08,0.194,0.776,0
2020-05-09,0.814,0.776,0
2020-05-10,0.349,0.698,0
2020-05-11,0.853,0.681,0
2020-05-12,0.388,0.582,0.039
2020-05-13,0.349,0.526,0
2020-05-14,1.163,0.587,0
2020-05-15,0.62,0.648,0
2020-05-16,0.349,0.582,0
2020-05-17,0.388,0.587,0.039
2020-05-18,0.543,0.543,0
2020-05-19,0.155,0.51,0.039
2020-05-20,0.349,0.51,0
2020-05-21,0.543,0.421,0.039
2020-05-22,0.155,0.355,0
2020-05-23,0.582,0.388,0.039
2020-05-25,0.465,0.321,0
2020-05-26,0.504,0.371,0.039
2020-05-27,0.427,0.382,0
2020-05-28,0.582,0.388,0
2020-05-29,0.737,0.471,0
2020-05-30,0.31,0.432,0
2020-05-31,0.388,0.487,0
2020-06-01,0.737,0.526,
2020-06-02,0.31,0.499,0
2020-06-03,0.427,0.499,0
2020-06-04,0.271,0.454,0
2020-06-05,0.194,0.377,0
2020-06-06,0.271,0.371,0
2020-06-07,0.233,0.349,0
2020-06-08,0.078,0.255,0
2020-06-09,0.271,0.249,0
2020-06-10,0.427,0.249,0
2020-06-11,0.155,0.233,0
2020-06-12,0.194,0.233,0
2020-06-13,1.008,0.338,0
2020-06-14,0.582,0.388,0
2020-06-15,0.465,0.443,0
2020-06-16,0.892,0.532,0
2020-06-17,0.814,0.587,0
2020-06-18,0.698,0.665,0
2020-06-19,0.078,0.648,0
2020-06-20,1.939,0.781,0
2020-06-21,0.504,0.77,0
2020-06-22,0.698,0.803,0
2020-06-23,1.125,0.836,0.039
2020-06-24,1.435,0.925,0.039
2020-06-25,1.435,1.03,0
2020-06-26,0.233,1.053,0
2020-06-27,3.296,1.246,0
2020-06-28,3.025,1.606,0
2020-06-29,2.714,1.895,0
2020-06-30,3.335,2.21,0
2020-07-01,3.141,2.454,0
2020-07-02,2.521,2.609,0
2020-07-03,7.523,3.651,0
2020-07-04,7.096,4.193,0
2020-07-05,5.429,4.537,0.078
2020-07-06,6.67,5.102,0
2020-07-07,5.08,5.351,0
2020-07-08,6.592,5.844,0
2020-07-09,12.331,7.246,0
2020-07-10,6.941,7.163,0.039
2020-07-11,9.462,7.501,0.039
2020-07-12,7.096,7.739,0
2020-07-13,10.509,8.287,0
2020-07-14,9.151,8.869,0.116
2020-07-15,12.525,9.717,0.078
2020-07-16,16.403,10.298,0.116
2020-07-17,8.066,10.459,0.078
2020-07-18,13.999,11.107,0.155
2020-07-19,10.354,11.572,0.039
2020-07-20,13.921,12.06,0.116
2020-07-21,18.07,13.334,0.078
2020-07-22,15.821,13.805,0.194
2020-07-23,11.362,13.085,0.233
2020-07-24,13.766,13.899,0.233
2020-07-25,17.566,14.409,0.388
2020-07-26,20.63,15.877,0.233
2020-07-27,14.27,15.926,0.233
2020-07-28,10.819,14.891,0.349
2020-07-29,27.765,16.597,0.504
2020-07-30,23.46,18.325,0.271
2020-07-31,14.619,18.447,0.194
2020-08-01,23.848,19.344,0.271
2020-08-02,16.403,18.741,0.504
2020-08-03,15.976,18.984,0.427
2020-08-04,27.726,21.4,0.582
2020-08-05,17.256,19.898,0.31
2020-08-06,14.813,18.663,0.427
2020-08-07,16.519,18.934,0.465
2020-08-08,14.968,17.666,0.659
2020-08-09,12.137,17.057,0.698
2020-08-10,12.254,16.525,0.698
2020-08-11,16.054,14.857,0.814
2020-08-12,8.958,13.672,0.349
2020-08-13,14.891,13.683,0.543
2020-08-14,11.362,12.946,0.155
2020-08-15,9.772,12.204,0.659
2020-08-16,10.509,11.971,0.969
2020-08-17,8.337,11.412,0.659
2020-08-18,8.376,10.315,0.465
2020-08-19,9.578,10.403,0.504
2020-08-20,6.631,9.223,0.349
2020-08-21,7.562,8.681,0.504
2020-08-22,8.104,8.442,0.659
2020-08-23,4.033,7.517,0.582
2020-08-24,5.351,7.091,0.31
2020-08-25,5.855,6.731,0.931
2020-08-26,4.576,6.016,0.892
2020-08-27,4.886,5.767,0.427
2020-08-28,3.839,5.235,0.659
2020-08-29,4.77,4.759,0.427
2020-08-30,2.947,4.603,1.59
2020-08-31,2.831,4.243,0.194
2020-09-01,4.033,3.983,0.233
2020-09-02,4.886,4.027,0.582
2020-09-03,3.374,3.811,2.288
2020-09-04,2.753,3.656,0.427
2020-09-05,2.753,3.368,0.194
2020-09-06,1.667,3.185,0.349
2020-09-07,2.016,3.069,0.31
2020-09-08,3.568,3.002,0.427
2020-09-09,2.288,2.631,0.271
2020-09-10,1.551,2.371,0.349
2020-09-11,1.667,2.216,0.233
2020-09-12,1.706,2.066,0.271
2020-09-13,1.59,2.055,0.233
2020-09-14,1.823,2.028,0
2020-09-15,1.512,1.734,0.31
2020-09-16,1.357,1.601,0.31
2020-09-17,1.861,1.645,0.194
2020-09-18,0.931,1.54,0.271
2020-09-19,0.504,1.368,0.194
2020-09-20,0.543,1.219,0.078
2020-09-21,1.163,1.125,0.116
2020-09-22,1.163,1.075,0.194
2020-09-23,0.31,0.925,0.078
2020-09-24,0.776,0.77,0.31
2020-09-25,0.62,0.726,0.039
2020-09-26,0.931,0.787,0.078
2020-09-27,0.155,0.731,0.116
2020-09-28,0.427,0.626,0.271
2020-09-29,0.892,0.587,0.155
2020-09-30,0.698,0.643,0.078
2020-10-01,0.504,0.604,0.078
2020-10-02,0.465,0.582,0.116
2020-10-03,0.543,0.526,0.039
2020-10-04,0.504,0.576,0
2020-10-05,0.969,0.654,0.039
2020-10-06,0.31,0.571,0.078
2020-10-07,0.969,0.609,0
2020-10-08,0.776,0.648,0
2020-10-09,0.698,0.681,0
2020-10-10,0.737,0.709,0.039
2020-10-11,0.853,0.759,0
2020-10-12,0.969,0.759,0.039
2020-10-13,1.047,0.864,0.194
2020-10-14,0.776,0.836,0
2020-10-15,0.543,0.803,0
2020-10-16,0.271,0.742,0
2020-10-17,0.465,0.704,0
2020-10-18,0.349,0.632,0.039
2020-10-19,0.233,0.526,0
2020-10-20,1.474,0.587,0
2020-10-21,0.582,0.56,0
2020-10-22,0.698,0.582,0
2020-10-23,0.737,0.648,0
2020-10-24,0.698,0.681,0
2020-10-25,0.465,0.698,0
2020-10-26,0.543,0.742,0
2020-10-27,0.543,0.609,0.078
2020-10-28,0.465,0.593,0
2020-10-29,0.543,0.571,0
2020-10-30,0.233,0.499,0
2020-10-31,0.388,0.454,0
2020-11-01,0.233,0.421,0
2020-11-02,0.349,0.393,0
2020-11-03,0.465,0.382,0
2020-11-04,0.31,0.36,0
2020-11-05,0.543,0.36,0
2020-11-06,0.31,0.371,0
2020-11-07,0.233,0.349,0
2020-11-08,0.271,0.355,0
2020-11-09,0.155,0.327,0
2020-11-10,0.078,0.271,0
2020-11-11,0.155,0.249,0
2020-11-12,0.039,0.177,0
2020-11-13,0.233,0.166,0
2020-11-14,1.125,0.294,0
2020-11-15,1.474,0.465,0
2020-11-16,0.349,0.493,0
2020-11-17,0.737,0.587,0
2020-11-18,0.31,0.609,0
2020-11-19,0.271,0.643,0
2020-11-20,0.543,0.687,0
2020-11-21,0.582,0.609,0
2020-11-22,0.504,0.471,0
2020-11-23,0.349,0.471,0
2020-11-24,0.388,0.421,0
2020-11-25,0.465,0.443,0
2020-11-26,0.31,0.449,0
2020-11-27,0.504,0.443,0
2020-11-28,0.233,0.393,0
2020-11-29,0.388,0.377,0.039
2020-11-30,0.388,0.382,0
2020-12-01,0.427,0.388,0
2020-12-02,0.62,0.41,0
2020-12-03,0.388,0.421,0
2020-12-04,0.271,0.388,0
2020-12-05,0.349,0.404,0
2020-12-06,0.271,0.388,0
2020-12-07,0.582,0.415,0
2020-12-08,0.233,0.388,0
2020-12-09,0.271,0.338,0
2020-12-10,0.427,0.343,0
2020-12-11,0.543,0.382,0
2020-12-12,0.194,0.36,0
2020-12-13,0.271,0.36,0
2020-12-14,0.427,0.338,0
2020-12-15,0.465,0.371,0
2020-12-16,0.465,0.399,0
2020-12-17,0.814,0.454,0
2020-12-18,1.28,0.56,0
2020-12-19,1.629,0.764,0
2020-12-20,1.163,0.892,0
2020-12-21,0.814,0.947,0
2020-12-22,0.698,0.981,0
2020-12-23,0.969,1.053,0
2020-12-24,0.465,1.003,0
2020-12-25,0.892,0.947,0
2020-12-26,0.427,0.776,0
2020-12-27,1.125,0.77,0.039
2020-12-28,0.465,0.72,0
2020-12-29,1.241,0.798,0
2020-12-30,0.931,0.792,0
2020-12-31,0.776,0.836,0
2021-01-01,1.357,0.903,0
2021-01-02,0.931,0.975,0
2021-01-03,0.776,0.925,0
2021-01-04,0.504,0.931,0
2021-01-05,0.737,0.859,0
2021-01-06,0.388,0.781,0
2021-01-07,0.969,0.809,0
2021-01-08,0.427,0.676,0
2021-01-09,0.504,0.615,0
2021-01-10,0.737,0.609,0
2021-01-11,0.776,0.648,0
2021-01-12,0.62,0.632,0
2021-01-13,0.388,0.632,0
2021-01-14,0.349,0.543,0
2021-01-15,0.776,0.593,0
2021-01-16,0.737,0.626,0
2021-01-17,0.504,0.593,0
2021-01-18,0.388,0.537,0
2021-01-19,0.349,0.499,0
2021-01-20,0.349,0.493,0
2021-01-21,0.233,0.476,0
2021-01-22,0.194,0.393,0
2021-01-23,0.233,0.321,0
2021-01-24,0.427,0.31,0
2021-01-25,0.116,0.271,0
2021-01-26,0.233,0.255,0
2021-01-27,0.31,0.249,0
2021-01-28,0.194,0.244,0
2021-01-29,0.271,0.255,0
2021-01-30,0.194,0.249,0
2021-01-31,0.271,0.227,0
2021-02-01,0.194,0.238,0
2021-02-02,0.233,0.238,0
2021-02-03,0.349,0.244,0
2021-02-04,0.155,0.238,0
2021-02-05,0.233,0.233,0
2021-02-06,0.116,0.222,0
2021-02-07,0.233,0.216,0
2021-02-08,0.116,0.205,0
2021-02-09,0.427,0.233,0
2021-02-10,0.31,0.227,0
2021-02-11,0.31,0.249,0
2021-02-12,0.194,0.244,0
2021-02-13,0.233,0.26,0
2021-02-14,0.078,0.238,0
2021-02-15,0.194,0.249,0
2021-02-16,0.233,0.222,0
2021-02-17,0.039,0.183,0
2021-02-18,0.233,0.172,0
2021-02-19,0.078,0.155,0
2021-02-20,0.233,0.155,0
2021-02-21,0.155,0.166,0
2021-02-22,0.271,0.177,0
2021-02-23,0.078,0.155,0
2021-02-24,0.31,0.194,0
2021-02-25,0.388,0.216,0
2021-02-26,0.31,0.249,0
2021-02-27,0.194,0.244,0
2021-02-28,0.31,0.266,0
2021-03-01,0.31,0.271,0
2021-03-02,0.388,0.316,0
2021-03-03,0.427,0.332,0
2021-03-04,0.543,0.355,0
2021-03-05,0.31,0.355,0
2021-03-06,0.194,0.355,0
2021-03-07,0.465,0.377,0
2021-03-08,0.582,0.415,0
2021-03-09,0.504,0.432,0
2021-03-10,0.62,0.46,0
2021-03-11,0.465,0.449,0
2021-03-12,0.388,0.46,0
2021-03-13,0.194,0.46,0
2021-03-14,0.504,0.465,0
2021-03-15,0.271,0.421,0
2021-03-16,0.659,0.443,0
2021-03-17,0.465,0.421,0
2021-03-18,0.659,0.449,0
2021-03-19,0.349,0.443,0
2021-03-20,0.155,0.438,0
2021-03-21,0.388,0.421,0
2021-03-22,0.194,0.41,0
2021-03-23,0.388,0.371,0
2021-03-24,0.349,0.355,0
2021-03-25,0.349,0.31,0
2021-03-26,0.504,0.332,0
2021-03-27,0.271,0.349,0
2021-03-28,0.659,0.388,0
2021-03-29,0.776,0.471,0
2021-03-30,0.31,0.46,0
2021-03-31,0.698,0.51,0
2021-04-01,0.427,0.521,0
2021-04-02,0.31,0.493,0
2021-04-03,0.271,0.493,0
2021-04-04,0.349,0.449,0
2021-04-05,0.31,0.382,0
2021-04-06,0.543,0.415,0
2021-04-07,0.233,0.349,0
2021-04-08,0.194,0.316,0
2021-04-09,0.233,0.305,0
2021-04-10,0.349,0.316,0
2021-04-11,0.543,0.343,0
2021-04-12,0.388,0.355,0.039
2021-04-13,0.814,0.393,0
2021-04-14,0.737,0.465,0
2021-04-15,0.582,0.521,0
2021-04-16,0.582,0.571,0
2021-04-17,0.776,0.632,0
2021-04-18,0.543,0.632,0
2021-04-19,0.892,0.704,0
2021-04-20,0.776,0.698,0
2021-04-21,0.698,0.692,0
2021-04-22,1.706,0.853,0
2021-04-23,0.582,0.853,0
2021-04-24,0.388,0.798,0
2021-04-25,0.659,0.814,0
2021-04-26,1.435,0.892,0
2021-04-27,1.28,0.964,0
2021-04-28,0.892,0.992,0
2021-04-29,0.969,0.886,0
2021-04-30,0.504,0.875,0
2021-05-01,0.504,0.892,0
2021-05-02,0.543,0.875,0
2021-05-03,0.465,0.737,0
2021-05-04,0.582,0.637,0
2021-05-05,0.737,0.615,0
2021-05-06,0.349,0.526,0
2021-05-07,0.504,0.526,0
2021-05-08,0.62,0.543,0
2021-05-09,0.349,0.515,0
2021-05-10,0.271,0.487,0
2021-05-11,0.31,0.449,0
2021-05-12,0.349,0.393,0
2021-05-13,0.078,0.355,0
2021-05-14,0.271,0.321,0
2021-05-15,0.427,0.294,0
2021-05-16,0.116,0.26,0
2021-05-17,0.194,0.249,0
2021-05-18,0.349,0.255,0
2021-05-19,0.116,0.222,0
2021-05-20,0.155,0.233,0
2021-05-21,0.155,0.216,0
2021-05-22,0.155,0.177,0
2021-05-23,0.465,0.227,0
2021-05-24,0.388,0.255,0
2021-05-25,0.659,0.299,0
2021-05-26,0.659,0.377,0
2021-05-27,0.427,0.415,0
2021-05-28,0.349,0.443,0
2021-05-29,0.504,0.493,0
2021-05-30,0.349,0.476,0
2021-05-31,0.504,0.493,0
2021-06-01,0.233,0.432,0
2021-06-02,0.504,0.41,0
2021-06-03,0.155,0.371,0
2021-06-04,0.62,0.41,0
2021-06-05,0.62,0.427,0
2021-06-06,0.698,0.476,0
2021-06-07,0.543,0.482,0
2021-06-08,0.194,0.476,0
2021-06-09,0.582,0.487,0
2021-06-10,0.116,0.482,0
2021-06-11,0.233,0.427,0
2021-06-12,0.543,0.415,0
2021-06-13,0.543,0.393,0
2021-06-14,0.427,0.377,0
2021-06-15,0.504,0.421,0
2021-06-16,0.582,0.421,0
2021-06-17,0.31,0.449,0
2021-06-18,0.504,0.487,0
2021-06-19,0.349,0.46,0
2021-06-20,0.931,0.515,0
2021-06-21,0.427,0.515,0
2021-06-22,0.543,0.521,0
2021-06-23,0.931,0.571,0
2021-06-24,0.776,0.637,0
2021-06-25,1.28,0.748,0
2021-06-26,1.629,0.931,0
2021-06-27,1.125,0.958,0
2021-06-28,1.241,1.075,0
2021-06-29,1.629,1.23,0
2021-06-30,1.59,1.324,0
2021-07-01,1.59,1.44,0
2021-07-02,1.939,1.534,0
2021-07-03,0.737,1.407,0
2021-07-04,1.978,1.529,0
2021-07-05,1.047,1.501,0
2021-07-06,1.163,1.435,0
2021-07-07,1.629,1.44,0
2021-07-08,1.861,1.479,0
2021-07-09,2.482,1.557,0
2021-07-10,3.296,1.922,0.039
2021-07-11,4.692,2.31,0
2021-07-12,3.955,2.725,0.039
2021-07-13,4.11,3.147,0
2021-07-14,3.257,3.379,0
2021-07-15,4.382,3.739,0
2021-07-16,5.623,4.188,0.039
2021-07-17,4.964,4.426,0.039
2021-07-18,4.537,4.404,0
2021-07-19,4.033,4.415,0.039
2021-07-20,5.662,4.637,0
2021-07-21,6.204,5.058,0
2021-07-22,6.049,5.296,0.039
2021-07-23,6.631,5.44,0
2021-07-24,6.398,5.645,0.078
2021-07-25,6.359,5.905,0
2021-07-26,7.135,6.348,0.155
2021-07-27,8.027,6.686,
2021-07-28,9.811,7.202,0.078
2021-07-29,7.096,7.351,0
2021-07-30,8.57,7.628,0.039
2021-07-31,9.811,8.116,0
2021-08-01,8.88,8.476,0.039
2021-08-02,8.686,8.697,0
2021-08-03,9.811,8.952,0.078
2021-08-04,11.711,9.223,0.194
2021-08-05,11.905,9.91,0.039
2021-08-06,13.688,10.642,0.233
2021-08-07,10.741,10.775,
2021-08-08,11.711,11.179,0.039
2021-08-09,14.735,12.043,0.155
2021-08-10,14.231,12.675,0.078
2021-08-11,14.425,13.062,0.078
2021-08-12,16.131,13.666,0.078
2021-08-13,19.117,14.442,0.155
2021-08-14,17.023,15.339,0.194
2021-08-15,20.087,16.536,0.31
2021-08-16,18.691,17.101,0.039
2021-08-17,26.252,18.818,0.116
2021-08-18,28.967,20.895,0.078
2021-08-19,27.416,22.508,0.155
2021-08-20,34.551,24.712,0.078
2021-08-21,35.171,27.305,0.116
2021-08-22,34.667,29.388,0.116
2021-08-23,32.34,31.338,0
2021-08-24,37.653,32.966,0.078
2021-08-25,43.237,35.005,0.116
2021-08-26,37.847,36.495,0.078
2021-08-27,43.392,37.758,0.078
2021-08-28,51.225,40.052,0.233
2021-08-29,52.543,42.605,0.155
2021-08-30,48.743,44.949,0.116
2021-08-31,47.502,46.356,0.233
2021-09-01,56.886,48.306,0.271
2021-09-02,63.905,52.028,0.504
2021-09-03,67.511,55.474,0.155
2021-09-04,64.758,57.407,0.116
2021-09-05,59.562,58.41,0.194
2021-09-06,56.848,59.568,0.31
2021-09-07,65.766,62.177,0.31
2021-09-08,66.891,63.606,0.233
2021-09-09,72.514,64.836,0.388
2021-09-10,80.463,66.686,0.31
2021-09-11,62.664,66.387,0.271
2021-09-12,66.697,67.406,0.271
2021-09-13,61.191,68.027,0.155
2021-09-14,63.711,67.733,0.543
2021-09-15,71.971,68.459,0.465
2021-09-16,69.799,68.071,0.504
2021-09-17,71.971,66.858,0.271
2021-09-18,60.958,66.614,0.543
2021-09-19,58.166,65.395,0.194
2021-09-20,61.346,65.417,0.427
2021-09-21,64.332,65.506,0.31
2021-09-22,70.148,65.246,0.388
2021-09-23,68.403,65.046,0.465
2021-09-24,72.32,65.096,0.465
2021-09-25,67.938,66.093,0.427
2021-09-26,57.08,65.938,0.543
2021-09-27,72.902,67.589,0.427
2021-09-28,70.265,68.437,0.892
2021-09-29,93.066,71.71,0.465
2021-09-30,79.804,73.339,0.776
2021-10-01,90.545,75.943,0.388
2021-10-02,72.591,76.608,0.504
2021-10-03,78.447,79.66,0.465
2021-10-04,92.639,82.48,0.427
2021-10-05,78.563,83.665,0.853
2021-10-06,85.931,82.646,0.388
2021-10-07,97.874,85.227,0.62
2021-10-08,97.525,86.224,0.62
2021-10-09,92.678,89.094,0.427
2021-10-10,81.277,89.498,0.62
2021-10-11,71.661,86.501,0.504
2021-10-12,78.679,86.518,0.659
2021-10-13,106.405,89.443,0.698
2021-10-14,98.184,89.487,0.427
2021-10-15,89.615,88.357,0.31
2021-10-16,84.263,87.155,0.659
2021-10-17,79.843,86.95,0.427
2021-10-18,79.028,88.003,0.582
2021-10-19,81.316,88.379,0.737
2021-10-20,98.65,87.271,0.504
2021-10-21,98.766,87.354,0.814
2021-10-22,73.018,84.983,0.427
2021-10-23,84.302,84.989,0.582
2021-10-24,65.301,82.912,0.427
2021-10-25,69.256,81.516,0.194
2021-10-26,71.738,80.147,0.62
2021-10-27,79.028,77.344,1.047
2021-10-28,73.134,73.683,0.465
2021-10-29,61.617,72.054,0.543
2021-10-30,45.951,66.575,0.504
2021-10-31,56.848,65.368,0.31
2021-11-01,44.012,61.761,0.504
2021-11-02,43.082,57.668,0.465
2021-11-03,59.601,54.892,0.504
2021-11-04,61.268,53.197,0.543
2021-11-05,59.485,52.892,0.388
2021-11-06,53.784,54.011,0.388
2021-11-07,49.015,52.892,0.465
2021-11-08,50.1,53.762,0.543
2021-11-09,46.572,54.261,0.659
2021-11-10,60.338,54.366,0.155
2021-11-11,54.831,53.446,0.427
2021-11-12,56.305,52.992,0.155
2021-11-13,43.237,51.485,0.194
2021-11-14,38.584,49.995,0.233
2021-11-15,39.32,48.455,0.388
2021-11-16,47.619,48.605,0.349
2021-11-17,49.131,47.004,0.582
2021-11-18,58.36,47.508,0.427
2021-11-19,52.737,46.998,0.194
2021-11-20,56.809,48.937,0.233
2021-11-21,46.804,50.111,0.155
2021-11-22,38.855,50.045,0.776
2021-11-23,56.77,51.352,0.194
2021-11-24,59.213,52.793,0.194
2021-11-25,63.091,53.468,0.271
2021-11-26,57.391,54.133,0.194
2021-11-27,47.89,52.859,0.155
2021-11-28,44.788,52.571,0.116
2021-11-29,42.616,53.108,0.349
2021-11-30,54.948,52.848,0.194
2021-12-01,65.999,53.817,0.388
2021-12-02,59.019,53.236,0.465
2021-12-03,66.232,54.499,0.349
2021-12-04,48.433,54.576,0.31
2021-12-05,49.829,55.297,0.233
2021-12-06,55.607,57.152,0.349
2021-12-07,66.115,58.748,0.271
2021-12-08,64.138,58.482,0.388
2021-12-09,66.348,59.529,0.078
2021-12-10,68.132,59.8,0.62
2021-12-11,59.834,61.429,0.155
2021-12-12,71.467,64.52,0.078
2021-12-13,76.391,67.489,0.271
2021-12-14,108.926,73.605,0.155
2021-12-15,132.735,83.405,0.349
2021-12-16,147.432,94.988,0.31
2021-12-17,155.769,107.508,0.31
2021-12-18,149.758,120.354,0.155
2021-12-19,156.312,132.475,0
2021-12-20,174.188,146.446,0.31
2021-12-21,214.478,161.524,0.31
2021-12-22,324.063,188.857,0.427
2021-12-23,318.673,213.32,0.349
2021-12-24,382.151,245.66,0.233
2021-12-25,366.795,276.666,0.078
2021-12-26,383.276,309.089,0.233
2021-12-27,457.457,349.556,0.233
2021-12-28,685.507,416.846,0.31
2021-12-29,828.634,488.928,0.543
2021-12-30,1311.103,630.703,0.582
2021-12-31,1177.398,744.31,0.543
2022-01-01,1452.563,899.42,0.155
2022-01-02,1148.121,1008.683,0.349
2022-01-03,1735.095,1191.203,0.155
2022-01-04,2772.39,1489.329,0.776
2022-01-05,2924.824,1788.785,0.465
2022-01-06,3033.517,2034.844,0.737
2022-01-07,3803.753,2410.038,0.62
2022-01-08,4339.462,2822.452,1.125
2022-01-09,2824.313,3061.908,0.814
2022-01-10,3637.553,3333.688,1.086
2022-01-11,3273.123,3405.221,1.939
2022-01-12,6796.554,3958.325,2.21
2022-01-13,4970.681,4235.063,1.939
2022-01-14,3346.024,4169.673,1.9
2022-01-15,4376.689,4174.991,2.016
2022-01-16,2322.417,4103.291,0.737
2022-01-17,3271.068,4050.936,3.141
2022-01-18,3281.15,4052.083,2.714
2022-01-19,2621.507,3455.648,1.823
2022-01-20,2479.466,3099.76,3.412
2022-01-21,1673.865,2860.88,2.521
2022-01-22,2605.143,2607.802,3.025
2022-01-23,1249.951,2454.593,1.047
2022-01-24,2249.942,2308.718,3.18
2022-01-25,2052.1,2133.139,2.676
2022-01-26,1978.268,2041.248,3.529
2022-01-27,2567.956,2053.889,3.374
2022-01-28,2558.533,2180.27,6.01
2022-01-29,1832.542,2069.899,3.335
2022-01-30,1423.867,2094.744,1.629
2022-01-31,,,2.908
2022-02-01,1556.757,1702.561,2.714
2022-02-02,939.499,1554.165,3.18
2022-02-03,1247.818,1365.574,3.335
2022-02-04,1060.019,1151.5,3.141
2022-02-05,891.299,1017.037,1.784
2022-02-06,979.013,953.486,1.861
2022-02-07,1061.454,1105.123,2.094
2022-02-08,1221.876,1057.282,2.753
2022-02-09,445.281,986.68,1.9
2022-02-10,1211.794,981.534,2.21
2022-02-11,874.973,955.098,2.482
2022-02-12,992.973,969.623,1.939
2022-02-13,476.535,897.841,0.427
2022-02-14,1198.726,917.451,2.327
2022-02-15,945.936,878.031,2.404
2022-02-16,,,2.753
2022-02-17,881.372,767.216,1.396
2022-02-18,900.295,770.834,1.745
2022-02-19,673.796,725.237,1.318
2022-02-20,706.485,758.087,0.659
2022-02-21,975.756,726.234,1.435
2022-02-22,978.315,730.86,2.288
2022-02-23,963.696,868.531,1.435
2022-02-24,1034.193,890.362,1.28
2022-02-25,767.909,871.45,1.396
2022-02-28,985.644,891.864,1.512
2022-03-01,843.602,872.619,2.288
2022-03-02,1551.561,956.6,1.823
2022-03-03,975.601,948.229,1.474
2022-03-04,880.867,964.366,1.861
2022-03-07,1743.509,1075.585,1.512
2022-03-08,1190.117,1125.087,1.202
2022-03-09,1408.977,1104.718,0.969
2022-03-10,1228.817,1140.892,1.163
2022-03-11,1360.195,1209.367,0.814
2022-03-14,1116.905,1232.734,0.969
2022-03-15,2105.962,1363.568,0.892
2022-03-16,2216.051,1478.865,0.931
2022-03-17,1906.53,1575.681,1.125
2022-03-18,1820.676,1641.464,1.202
2022-03-21,2057.645,1909.632,1.047
2022-03-22,2231.872,1927.619,0.892
2022-03-23,2315.166,1941.778,1.202
2022-03-24,2589.632,2039.364,1.28
2022-03-25,1860.85,2045.103,0.969
2022-03-28,2161.375,2135.46,1.125
2022-03-29,2540.812,2179.595,1.28
2022-03-30,2335.912,2182.558,1.318
2022-03-31,2535.46,2174.819,0.582
2022-04-01,2136.518,2214.201,13.844
2022-04-04,2153.852,2163.197,1.28
2022-04-05,2939.211,2220.111,1.435
2022-04-06,2427.775,2233.235,1.28
2022-04-07,2345.296,2206.068,1.202
2022-04-08,1912.385,2174.049,0.931
2022-04-11,1794.114,2117.351,1.551
2022-04-12,2055.861,1991.159,1.512
2022-04-13,2121.473,1947.401,1.745
2022-04-14,1803.11,1869.946,1.318
2022-04-19,1961.361,1672.647,1.59
2022-04-20,2090.141,1668.171,1.784
2022-04-21,1932.976,1686.723,1.861
2022-04-22,1442.868,1690.207,1.512
2022-04-25,1453.377,1649.585,1.784
2022-04-26,1547.567,1590.472,2.327
2022-04-27,1972.839,1573.714,2.016
2022-04-28,1620.12,1529.021,0.892
2022-04-29,1480.211,1534.355,1.9
2022-05-02,1468.927,1514.806,2.559
2022-05-03,1641.215,1528.184,1.745
2022-05-04,2259.094,1569.078,2.637
2022-05-05,1582.544,1563.71,1.163
2022-05-06,1397.344,1551.872,1.629
2022-05-09,1862.595,1688.058,1.667
2022-05-10,2212.406,1769.656,2.21